EntryNumber,UserCardNumber,FilePath,EntryName,Contest
0,1,Path Test 3,Name Test 3,2
1,1,Path Test,Add Test,2
2,1,Path Test,New Entry,2
3,1,Path Test,Add Test,2
4,1,Path Test,New Entry,2
5,1,Path Test,Add Test,2
6,1,Path Test,New Entry,2
7,1,Path Test,Add Test,2
8,1,Path Test,New Entry,2
9,1,Path Test,Add Test,2
11,1,Path Test,New Entry,2
12,1,Path Test,Add Test,2
13,1,Path Test,New Entry,2
14,1,Path Test,Add Test,2
15,1,Path Test,New Entry,2
16,1,Path Test,Add Test,2
17,1,Path Test,New Entry,2
18,1,Path Test,New Entry,2
19,1,Path Test,Add Test,2
20,1,Path Test,New Entry,2
21,1,Path Test,Add Test,2
22,1,Path Test,Name Test,2
